시설명,시설종류,주소,위도,경도,정원(명)
평복영락양로원,노인주거복지시설,인천광역시 연수구 청량로 51,37.41353089,126.6598487,58.0
모심과돌봄노인요양시설,노인의료복지시설,"인천광역시 연수구 청명로 34 (청학동, 4층,5층,6층,7층)",37.4182133,126.6763943,84.0
해오름요양원,노인의료복지시설,인천광역시 연수구 예술로22번길 76 (선학동),37.43538123,126.702714,106.0
간호나라2요양원,노인의료복지시설,"인천광역시 연수구 청능대로 71, 7층 (청학동)",37.41582064,126.6743465,29.0
개나리요양원,노인의료복지시설,"인천광역시 연수구 청솔로 11, 2,3층 (청학동, 백화빌딩)",37.42782721,126.6611646,36.0
송도요양원,노인의료복지시설,인천광역시 연수구 청능대로 54 (동춘동),37.41662753,126.672378,96.0
창덕궁그린케어요양원,노인의료복지시설,인천광역시 연수구 예술로20번길 3 (선학동),37.43596115,126.6989073,65.0
행복나눔요양원,노인의료복지시설,"인천광역시 연수구 벚꽃로 106, 1201호 (청학동)",37.41762795,126.6772293,47.0
효도마을연수지점,노인의료복지시설,인천광역시 연수구 함박뫼로50번길 99 (연수동),37.41898209,126.6782674,18.0
축복전문요양원,노인의료복지시설,"인천광역시 연수구 용담로 115, 5층 (연수동)",37.41511159,126.6778157,17.0
고은요양원(주),노인의료복지시설,인천광역시 연수구 용담로85번길 12 (청학동),37.4169435,126.6756485,108.0
소나무요양원,노인의료복지시설,"인천광역시 연수구 비류대로 184, 6층 (옥련동)",37.42788428,126.6550738,45.0
송도제일요양원,노인의료복지시설,인천광역시 연수구 한나루로 74 (옥련동),37.42180781,126.6460766,84.0
한가족간호재활요양원,노인의료복지시설,"인천광역시 연수구 청능대로 71, 2층 (청학동)",37.41582064,126.6743465,25.0
간호나라요양원,노인의료복지시설,"인천광역시 연수구 청능대로 71, 8층 (청학동)",37.41582064,126.6743465,29.0
청학숲요양원,노인의료복지시설,인천광역시 연수구 청솔로 158 (청학동),37.43393477,126.6586492,25.0
늘푸름요양원,노인의료복지시설,"인천광역시 연수구 비류대로 184, 5층 (옥련동)",37.42788428,126.6550738,45.0
연수인하요양원,노인의료복지시설,인천광역시 연수구 학나래로118번길 30 (선학동),37.42707593,126.6979989,24.0
필그림요양원,노인의료복지시설,"인천광역시 연수구 먼우금로188번길 12, 503호 (연수동, 이리옴3빌딩)",37.41341196,126.6765013,37.0
실버벨요양원2,노인의료복지시설,"인천광역시 연수구 비류대로 184, 4층 (옥련동)",37.42788428,126.6550738,45.0
연수실버세상요양원,노인의료복지시설,"인천광역시 연수구 벚꽃로 106, 1202호 (청학동)",37.41762795,126.6772293,28.0
송도사랑요양원,노인의료복지시설,"인천광역시 연수구 옥련로 147, 3층 (옥련동)",37.42564062,126.6558595,21.0
선학요양원,노인의료복지시설,인천광역시 연수구 예술로20번길 75 (선학동),37.43492154,126.7026993,89.0
사랑숲요양원,노인의료복지시설,인천광역시 연수구 청량로164번길 53 (옥련동),37.42254892,126.6549658,29.0
평복영락요양원,노인의료복지시설,인천광역시 연수구 청량로 51 (동춘동),37.41353089,126.6598487,60.0
덕화노인요양원,노인의료복지시설,인천광역시 연수구 청량로109번길 95 (동춘동),37.41499646,126.6540162,40.0
실버벨요양원,노인의료복지시설,"인천광역시 연수구 비류대로 170, 265-8동 (옥련동, 아리랑빌딩 4층)",37.4283162,126.6534391,29.0
노인돌봄의집,노인의료복지시설,인천광역시 연수구 청능말로7번길 1 (청학동),37.41762989,126.6685646,18.0
송도VIP요양원,노인의료복지시설,인천광역시 연수구 청량로155번길 70 (옥련동),37.42128233,126.6489782,29.0
힘찬실버요양원,노인의료복지시설,"인천광역시 연수구 벚꽃로 106, 1203호 (청학동)",37.41762795,126.6772293,28.0
인천사할린동포복지회관,노인의료복지시설,인천광역시 연수구 원인재로 263 (연수동),37.41827041,126.689622,90.0
청량산요양원,노인의료복지시설,"인천광역시 연수구 벚꽃로 106, 501호 (청학동)",37.41762795,126.6772293,9.0
연수요양원,노인의료복지시설,"인천광역시 연수구 먼우금로 197, 203호 (청학동, 이리옴2프라자)",37.41500307,126.6761684,9.0
부모사랑요양원,노인의료복지시설,"인천광역시 연수구 앵고개로 250, 6층 (동춘동)",37.40818407,126.6715103,9.0
꿈꾸는 요양원,노인의료복지시설,인천광역시 연수구 솔밭로 20 (동춘동),37.41462801,126.6541019,9.0
가족사랑요양원,노인의료복지시설,"인천광역시 연수구 청능대로 93, 3층 304호 (청학동)",37.41432174,126.675672,9.0
청학동셀라요양원,노인의료복지시설,인천광역시 연수구 계림로58번길 27 (청학동),37.4271916,126.6663166,24.0
푸른소나무송도요양원,노인의료복지시설,"인천광역시 연수구 송도1동 69, 8층 (송도동) ",37.3955594,126.6507045,9.0
섬김과나눔재가복지센터,재가노인복지시설,"인천광역시 연수구 먼우금로 69, 103호 (동춘동, 대동아파트 상가동)",37.40636039,126.6687865,
연수돌봄재가복지센터,재가노인복지시설,"인천광역시 연수구 능허대로79번길 30, 제종합상가동동 215호 (옥련동, 럭키송도아파트)",37.42486512,126.6416042,
예손주간보호센터,재가노인복지시설,"인천광역시 연수구 함박뫼로50번길 99 (연수동, 상아빌딩 4층, 5층)",37.41898209,126.6782674,54.0
사계절재가복지센터,재가노인복지시설,인천광역시 연수구 새말로35번길 14-2 (연수동),37.42245891,126.6757435,
은혜재가복지센터,재가노인복지시설,"인천광역시 연수구 한나루로197번길 34, 202호 (옥련동)",37.4276969,126.6552353,
더효재가노인복지센터,재가노인복지시설,"인천광역시 연수구 센트럴로 313, B동 1819호 (송도동, 송도 씨워크 인테라스 한라)",37.40162836,126.6315196,
모두탑노인주간보호센터,재가노인복지시설,"인천광역시 연수구 청능대로 103, 2,4,5층 (연수동, BYC 연수사옥)",37.413729,126.676239,88.0
요기요양재가노인복지센터,재가노인복지시설,"인천광역시 연수구 학나래로118번길 45, 501호 (선학동, 세진빌딩)",37.426454,126.698271,
연수구한마음주간보호센터,재가노인복지시설,"인천광역시 연수구 비류대로 202, 3층 301호 (옥련동, 영진프라자)",37.42754434,126.6568763,58.0
바른요양 재가센터,재가노인복지시설,"인천광역시 연수구 먼우금로 299, 107호 (연수동, 태경아파트 상가)",37.42263864,126.6821574,
나누리방문요양기관,재가노인복지시설,"인천광역시 연수구 용담로 111, 405호 (연수동, 아시스타워)",37.41531526,126.6774959,
굿케어복지용구,재가노인복지시설,"인천광역시 연수구 용담로 111, 405호 (연수동, 아시스타워)",37.41531526,126.6774959,
엄마손실버케어옥련센터,재가노인복지시설,"인천광역시 연수구 비류대로144번길 30, 1층 (옥련동)",37.42795444,126.6501577,29.0
(+A)송도효드림복지센터,재가노인복지시설,"인천광역시 연수구 컨벤시아대로 81, 510~513호 (송도동)",37.39494051,126.6501622,57.0
효섬김노인복지센터,재가노인복지시설,"인천광역시 연수구 선학로 90, 3층 302호 (선학동, 아주대동상가)",37.42547507,126.7015516,
엄마손실버케어동춘센터,재가노인복지시설,"인천광역시 연수구 동곡재로 50, 3층 (동춘동)",37.41451991,126.671647,31.0
예림방문요양센터,재가노인복지시설,인천광역시 연수구 함박뫼로12번길 13-1 (청학동),37.41848914,126.6720628,
해찬손주야간재가복지센터,재가노인복지시설,"인천광역시 연수구 학나래로14번길 16-1, 5층 (선학동)",37.42446645,126.6975017,23.0
선우재가복지센터,재가노인복지시설,"인천광역시 연수구 샘말로38번길 14, 204호 (연수동)",37.41260658,126.6794186,
아들과딸 인천연수송도 주간보호센터,재가노인복지시설,"인천광역시 연수구 한나루로 154, 1층 (옥련동, 송도 호성빌딩(실이용 3층))",37.42337681,126.6548719,63.0
늘사랑주간보호센터,재가노인복지시설,"인천광역시 연수구 벚꽃로 106, 205호 (청학동, 연수광장프라자)",37.41762795,126.6772293,44.0
청량산주야간보호센터,재가노인복지시설,"인천광역시 연수구 벚꽃로 106, 5층 501호 (청학동, 연수광장프라자)",37.41762795,126.6772293,37.0
우성재가노인 복지센터,재가노인복지시설,"인천광역시 연수구 새말로 20, 2층 203호 (연수동, 성일아파트 상가)",37.42274826,126.6742245,
엘림재가복지센터,재가노인복지시설,"인천광역시 연수구 선학로 100, 3동 101호 (선학동, 금호타운)",37.42676851,126.6995408,
모아재가복지센터,재가노인복지시설,"인천광역시 연수구 먼우금로 299, 202호 (연수동, 태경아파트)",37.42263864,126.6821574,
건강한 재가복지센터,재가노인복지시설,"인천광역시 연수구 새말로45번길 20, 102호 (연수동)",37.42193015,126.6768035,
미소재가노인복지센터,재가노인복지시설,"인천광역시 연수구 비류대로186번길 20, 2층 205-1호 (옥련동, 풍림아파트상가동)",37.42704174,126.6546708,
효재재가노인복지센터,재가노인복지시설,"인천광역시 연수구 계림로112번길 17, 1층 1호 (청학동)",37.4268033,126.6694418,30.0
백세재가노인복지센터,재가노인복지시설,"인천광역시 연수구 선학로 90, 207호 (선학동, 아주대동상가)",37.42547507,126.7015516,
연수효주간보호센터,재가노인복지시설,"인천광역시 연수구 청능대로 75, 2층 (청학동)",37.41561597,126.6745761,42.0
마음정원재가노인복지센터,재가노인복지시설,"인천광역시 연수구 선학로68번길 33, 1호 (선학동, 낙원주택상가)",37.423971,126.702849,
옥련뜰주야간보호센터,재가노인복지시설,"인천광역시 연수구 한나루로 133, 2층 (옥련동, 박프라자)",37.42282025,126.6526788,40.0
가족사랑주야간보호센터,재가노인복지시설,"인천광역시 연수구 청능대로 93, 3층 304호 (청학동)",37.41432174,126.675672,12.0
연수구립 치매전담형 주간보호센터-은빛사랑방,재가노인복지시설,"인천광역시 연수구 예술로20번길 15, 1층 (선학동, 기억과마음 치매정신통합센터)",37.43578004,126.6996449,20.0
둥지재가복지센터,재가노인복지시설,"인천광역시 연수구 청능대로113번길 43, 403호 (연수동)",37.41423266,126.6781814,
예손주간보호센터2호점,재가노인복지시설,"인천광역시 연수구 청능대로 71, 3,6층 (청학동)",37.41582064,126.6743465,112.0
솔밭재가노인복지센터,재가노인복지시설,"인천광역시 연수구 원인재로 232 (연수동, 솔밭마을상가)",37.41524112,126.6894601,
늘사랑재가요양센터,재가노인복지시설,"인천광역시 연수구 새말로55번길 32, 201호 (연수동)",37.4210169,126.67813,
보듬애재가노인복지센터,재가노인복지시설,인천광역시 연수구 동곡재로 190 (동춘동),37.41271247,126.6647657,
연수제일주야간보호센터,재가노인복지시설,"인천광역시 연수구 학나래로6번길 6, 6층 (선학동)",37.42356701,126.6968281,31.0
유성재가복지센터,재가노인복지시설,"인천광역시 연수구 경원대로467번길 38, 204호 (선학동)",37.42643978,126.696688,
우리재가방문요양센터,재가노인복지시설,"인천광역시 연수구 원인재로 88, 상가동 지하층 B54호 (동춘동, 대우삼환아파트)",37.406069,126.678803,
송도센트럴 재가복지센터,재가노인복지시설,"인천광역시 연수구 하모니로178번길 22, 상가A동 3층 316호 (송도동, GTX센트럴)",37.38307519,126.6408333,
소망재활주간보호센터,재가노인복지시설,"인천광역시 연수구 먼우금로 189, 7층 712호 (청학동, 소망글로벌)",37.41462117,126.6758588,45.0
동행재가복지센터,재가노인복지시설,"인천광역시 연수구 샘말로 105-5, 1층 (연수동)",37.41548946,126.6809947,
효나눔노인복지센터,재가노인복지시설,"인천광역시 연수구 학나래로118번길 30, 3층 (선학동)",37.42707593,126.6979989,38.0
세움재가방문요양센터,재가노인복지시설,"인천광역시 연수구 청량로199번길 29, 207호 (옥련동, 한국아파트)",37.42376072,126.6498149,
푸른소나무주야간보호센터 송도점,재가노인복지시설,"인천광역시 연수구 컨벤시아대로 69, 8층 (송도동, 송도밀레니엄)",37.3955594,126.6507045,55.0
스마일시니어 새봄누리 재가방문요양센터,재가노인복지시설,"인천광역시 연수구 원인재로 56, 3층 306호 (동춘동, 현대아파트)",37.40350251,126.6758736,
가나안 주간보호센터,재가노인복지시설,"인천광역시 연수구 청능대로113번길 11, 8층 (연수동, 연수그린타워)",37.41316616,126.6770818,45.0
참소망재가요양센터,재가노인복지시설,"인천광역시 연수구 선학로 101, 210호 (선학동, 뉴서울1차아파트상가)",37.42560967,126.7006793,
연수노인주야간보호센터,재가노인복지시설,"인천광역시 연수구 벚꽃로 120, 3층 (연수동, 선한빌딩)",37.41689487,126.6785526,43.0
사랑숲주야간보호센터,재가노인복지시설,인천광역시 연수구 청량로164번길 53 (옥련동),37.42254892,126.6549658,9.0
케어스 인천 송도,재가노인복지시설,"인천광역시 연수구 인천타워대로 323, A동 2511호 (송도동, 송도센트로드)",37.399633,126.629777,
연수구재가노인복지센터,재가노인복지시설,"인천광역시 연수구 함박뫼로 194 (연수동, 연수구노인복지관 본관)",37.42100841,126.6878911,
연수노인복지센터,재가노인복지시설,"인천광역시 연수구 원인재로 212, 302호 (연수동, 연수1차시영아파트)",37.41501214,126.6874985,
(주)엄마손실버케어재가센터,재가노인복지시설,"인천광역시 연수구 새말로107번길 15, 2층 (연수동)",37.419429,126.681046,
늘도움재가복지센터,재가노인복지시설,"인천광역시 연수구 청능말로8번길 16, 102호 (청학동)",37.418035,126.667679,
다담 주간보호센터,재가노인복지시설,"인천광역시 연수구 독배로 49, 5층 (옥련동, 럭키빌딩)",37.425285,126.644312,58.0
도울방문요양센터,재가노인복지시설,"인천광역시 연수구 한진로 49, 2층 201호 (옥련동, 현대아파트 상가동)",37.426781,126.647907,
두드림주간보호센터,재가노인복지시설,"인천광역시 연수구 청능대로 109, 7층 (연수동, 702,704,705호)",37.413139,126.676716,42.0
새싹재가복지센터,재가노인복지시설,"인천광역시 연수구 먼우금로 302, 138,139호 (연수동, 연수유천아파트 상가)",37.423048,126.684381,
솔재가복지센터,재가노인복지시설,"인천광역시 연수구 아트센터대로 107, 302동 173호 (송도동, 커낼워크 D3(AUTUMN))",37.400852,126.638758,
으뜸재가노인복지센터,재가노인복지시설,"인천광역시 연수구 원인재로 237, 상가동 지하층 3호 (연수동, 대우1차아파트)",37.417498,126.687306,
주사랑재가방문요양센터,재가노인복지시설,"인천광역시 연수구 송도미래로11번길 27, A동 611호 (송도동, 송도스마트스퀘어)",37.37107,126.64935,
파인케어 재가방문요양센터,재가노인복지시설,"인천광역시 연수구 청학로11번길 16, 1층 (청학동)",37.428252,126.662482,
한마음재가방문요양센터,재가노인복지시설,"인천광역시 연수구 선학로 101, 216-1호 (선학동, 뉴서울1차아파트 상가동)",37.42524,126.700098,
행운2 복지센터,재가노인복지시설,"인천광역시 연수구 먼우금로 282, 212호 (연수동, 태산상가)",37.420763,126.681994,
대암마을경로당,노인여가복지시설,인천광역시 연수구 대암로14번길 19 ,37.41679908,126.6524816,
백산1차아파트경로당,노인여가복지시설,인천광역시 연수구 한나루로79번길 11,37.42222065,126.6459336,
백산2차아파트경로당,노인여가복지시설,인천광역시 연수구 능허대로123번길 8,37.42187596,126.6449457,
벽산빌리지경로당,노인여가복지시설,인천광역시 연수구 한나루로158번길 31,37.42238787,126.656652,
삼성아파트경로당,노인여가복지시설,인천광역시 연수구 독배로40번길 18,37.42422454,126.6462478,
서해희망아파트경로당,노인여가복지시설,인천광역시 연수구 청량로185번길 16,37.42349988,126.652226,
쌍용아파트경로당,노인여가복지시설,인천광역시 연수구 청량로 210,37.42507108,126.6533164,
옥련경로당,노인여가복지시설,인천광역시 연수구 한나루로157번길 12,37.42420354,126.6546763,
우성1차아파트경로당,노인여가복지시설,인천광역시 연수구 독배로40번길 48,37.42428612,126.6476928,
우성2차아파트경로당,노인여가복지시설,인천광역시 연수구 청량로185번길 73,37.422769,126.6489741,
청량경로당,노인여가복지시설,인천광역시 연수구 한나루로180번길 23,37.42483931,126.6575007,
태평아파트경로당,노인여가복지시설,인천광역시 연수구 한나루로193번길 16,37.42644084,126.6557097,
풍림아파트경로당,노인여가복지시설,인천광역시 연수구 비류대로186번길 21,37.42704174,126.6546708,
한국아파트경로당,노인여가복지시설,인천광역시 연수구 청량로199번길 29,37.42376072,126.6498149,
럭키아파트경로당,노인여가복지시설,인천광역시 연수구 능허대로79번길 30,37.42486512,126.6416042,
아주아파트경로당,노인여가복지시설,인천광역시 연수구 옥련로99번길 42,37.42722464,126.6525322,
양지경로당,노인여가복지시설,인천광역시 연수구 옥련로99번길 61-8,37.42777055,126.652206,
옥골경로당,노인여가복지시설,인천광역시 연수구 독배로90번길 42-6,37.42802387,126.6475579,
원흥아파트경로당,노인여가복지시설,인천광역시 연수구 독배로 52,37.42545323,126.6449603,
현대1차아파트경로당,노인여가복지시설,인천광역시 연수구 옥련로 33,37.42820602,126.6437922,
현대2차아파트경로당,노인여가복지시설,인천광역시 연수구 독배로 58,37.42639071,126.6465704,
현대3차아파트경로당,노인여가복지시설,인천광역시 연수구 능허대로79번길 65,37.42620692,126.6438961,
현대4차아파트경로당,노인여가복지시설,인천광역시 연수구 한나루로105번길 68,37.42579048,126.6508179,
현대5차아파트경로당,노인여가복지시설,인천광역시 연수구 한진로 49,37.42690294,126.6472391,
금호아파트경로당,노인여가복지시설,인천광역시 연수구 선학로 100,37.42602692,126.7009319,
뉴서울아파트경로당,노인여가복지시설,인천광역시 연수구 선학로 101,37.42560967,126.7006793,
대동아파트경로당,노인여가복지시설,인천광역시 연수구 선학로74번길 17 ,37.42429717,126.7017752,
대진아파트경로당,노인여가복지시설,인천광역시 연수구 선학로 37,37.42132851,126.6981096,
선학경로당,노인여가복지시설,인천광역시 연수구 경원대로588번길 1,37.43678571,126.6968704,
선학시영아파트경로당,노인여가복지시설,인천광역시 연수구 선학로 14,37.41785323,126.6950857,
선학아주아파트경로당,노인여가복지시설,인천광역시 연수구 선학로 90,37.42547507,126.7015516,
선학희영무지개1차아파트경로당,노인여가복지시설,인천광역시 연수구 넘말로29번길 45,37.42798633,126.6955766,
윤성아파트경로당,노인여가복지시설,인천광역시 연수구 넘말로79번길 45,37.43051261,126.695883,
정광아파트경로당,노인여가복지시설,인천광역시 연수구 선학로 37,37.42132851,126.6981096,
태산아파트경로당,노인여가복지시설,인천광역시 연수구 선학로 37,37.42132851,126.6981096,
학나래경로당,노인여가복지시설,인천광역시 연수구 학나래로14번길 3,37.42416096,126.6967614,
대명아파트경로당,노인여가복지시설,인천광역시 연수구 함박뫼로 128,37.42184603,126.680567,
동남아파트경로당,노인여가복지시설,인천광역시 연수구 새말로 21,37.42371306,126.6742866,
문남아파트경로당,노인여가복지시설,인천광역시 연수구 함박뫼로 100,37.42223471,126.6782555,
성일아파트경로당,노인여가복지시설,인천광역시 연수구 새말로 20,37.42274826,126.6742245,
연수경로당,노인여가복지시설,인천광역시 연수구 함박뫼로84번길 29,37.42205841,126.6769933,
우주아파트경로당,노인여가복지시설,인천광역시 연수구 함박뫼로 115,37.42343683,126.679398,
유천아파트경로당,노인여가복지시설,인천광역시 연수구 먼우금로 302,37.42346874,126.6830692,
인향아파트경로당,노인여가복지시설,인천광역시 연수구 함박뫼로 123,37.42262789,126.6803838,
태경아파트경로당,노인여가복지시설,인천광역시 연수구 먼우금로 299,37.42263864,126.6821574,
태산아파트경로당,노인여가복지시설,인천광역시 연수구 먼우금로 282,37.42070048,126.6812649,
함박마을경로당,노인여가복지시설,인천광역시 연수구 함박안로62번길 73,37.42603595,126.6830017,
효정아파트경로당,노인여가복지시설,인천광역시 연수구 새말로 6,37.42399555,126.6713555,
대동아파트경로당,노인여가복지시설,인천광역시 연수구 벚꽃로 172,37.41442181,126.6830242,
샘말경로당,노인여가복지시설,인천광역시 연수구 샘말로 68-5,37.41403215,126.6803989,
솔밭마을아파트경로당,노인여가복지시설,인천광역시 연수구 원인재로 232,37.41524112,126.6894601,
연수1차승기마을아파트경로당,노인여가복지시설,인천광역시 연수구 원인재로 212,37.41501214,126.6874985,
연수1차영구임대아파트경로당,노인여가복지시설,인천광역시 연수구 원인재로 212,37.41501214,126.6874985,
연수1차일반분양아파트경로당,노인여가복지시설,인천광역시 연수구 원인재로 212,37.41501214,126.6874985,
우성1차아파트경로당,노인여가복지시설,인천광역시 연수구 청능대로 175,37.4108235,126.6835502,
우성2차아파트경로당,노인여가복지시설,인천광역시 연수구 원인재로 180,37.41227854,126.6839427,
경남아파트경로당,노인여가복지시설,인천광역시 연수구 원인재로 312,37.42132377,126.6960423,
대림아파트경로당,노인여가복지시설,인천광역시 연수구 원인재로 300,37.41944756,126.694222,
대우1차아파트경로당,노인여가복지시설,인천광역시 연수구 원인재로 237,37.41756985,126.6873861,
세경아파트경로당,노인여가복지시설,인천광역시 연수구 새말로 134,37.41630734,126.6824263,
영남아파트경로당,노인여가복지시설,인천광역시 연수구 새말로 111,37.4190579,126.6834514,
주공1차임대아파트경로당,노인여가복지시설,인천광역시 연수구 원인재로 315,37.42131182,126.6908796,
주공2차아파트경로당,노인여가복지시설,인천광역시 연수구 원인재로 315,37.42131182,126.6908796,
주공3차아파트경로당,노인여가복지시설,인천광역시 연수구 새말로 154,37.41565757,126.6847648,
풍림1차아파트경로당,노인여가복지시설,인천광역시 연수구 함박뫼로 250,37.41790378,126.6915037,
동남아파트경로당,노인여가복지시설,인천광역시 연수구 청학로12번길 72,37.42713809,126.6671649,
동보아파트경로당,노인여가복지시설,인천광역시 연수구 솔샘로 120,37.42596404,126.6621355,
삼용아파트경로당,노인여가복지시설,인천광역시 연수구 솔샘로 20,37.42376573,126.6677443,
서해아파트경로당,노인여가복지시설,인천광역시 연수구 미추홀대로251번길 9,37.4213712,126.6671428,
성호아파트경로당,노인여가복지시설,인천광역시 연수구 솔샘로43번길 15,37.42237319,126.6673058,
시대아파트경로당,노인여가복지시설,인천광역시 연수구 용담로 11,37.42147466,126.6691293,
용담마을아파트경로당,노인여가복지시설,인천광역시 연수구 용담로 25,37.42091524,126.6722685,
청능마을경로당,노인여가복지시설,인천광역시 연수구 청능말로22번길 10,37.41698214,126.6678531,
청담경로당,노인여가복지시설,인천광역시 연수구 용담로 61,37.41862143,126.6742181,
청로경로당,노인여가복지시설,인천광역시 연수구 청학로27번길 32-1,37.42985164,126.6617048,
청학경로당 ,노인여가복지시설,인천광역시 연수구 계림로71-8(2층),37.42865585,126.6675222,
청학골경로당,노인여가복지시설,인천광역시 연수구 솔샘로 101,37.42539924,126.6631849,
청학동 하나아파트경로당,노인여가복지시설,인천광역시 연수구 용담로 14,37.41930319,126.6683317,
청학시영아파트경로당,노인여가복지시설,인천광역시 연수구 비류대로294번길 16,37.42546613,126.6659178,
청학현대아파트경로당,노인여가복지시설,인천광역시 연수구 계림로 111,37.42934829,126.6698035,
건영아파트경로당,노인여가복지시설,인천광역시 연수구 먼우금로83번길 12,37.40864753,126.6670517,
농원경로당,노인여가복지시설,인천광역시 연수구 동곡재로 156(동춘동) ,37.41351163,126.6661184,
대림3차아파트경로당,노인여가복지시설,인천광역시 연수구 먼우금로83번길 49,37.40765974,126.6665496,
대우3차아파트경로당,노인여가복지시설,인천광역시 연수구 동곡재로117번길 22,37.41341714,126.6673288,
동춘마을아파트경로당,노인여가복지시설,인천광역시 연수구 먼우금로 123,37.40993415,126.6708921,
롯데아파트경로당,노인여가복지시설,인천광역시 연수구 먼우금로161번길 12,37.41319382,126.6739184,
연수서해그랑블1단지아파트경로당,노인여가복지시설,인천광역시 연수구 봉재산로 20,37.4091842,126.6659014,
태평1차아파트경로당,노인여가복지시설,인천광역시 연수구 앵고개로206번길 10,37.41087682,126.666583,
태평2차아파트경로당,노인여가복지시설,인천광역시 연수구 청능대로 38,37.41682954,126.6703072,
풍림3차아파트경로당,노인여가복지시설,인천광역시 연수구 먼우금로 149,37.41198531,126.6722114,
하나아파트경로당,노인여가복지시설,인천광역시 연수구 앵고개로205번길 41,37.41328586,126.670076,
송도파크자이아파트경로당,노인여가복지시설,인천광역시 연수구 앵고개로 104번길 22,37.41138649,126.6574695,
동일하이빌아파트경로당,노인여가복지시설,인천광역시 연수구 능허대로 343,37.40670887,126.6573609,
연수서해그랑블3단지아파트경로당,노인여가복지시설,인천광역시 연수구 봉재산로 76,37.4059796,126.6677766,
대동아파트경로당,노인여가복지시설,인천광역시 연수구 먼우금로69,37.40636039,126.6687865,
동남아파트경로당,노인여가복지시설,인천광역시 연수구 먼우금로 19,37.40072263,126.6674291,
무지개마을아파트경로당,노인여가복지시설,인천광역시 연수구 원인재로 14,37.40128348,126.6700282,
아주아파트경로당,노인여가복지시설,인천광역시 연수구 먼우금로63번길 13,37.40424312,126.6696032,
풍림2차아파트경로당,노인여가복지시설,인천광역시 연수구 경원대로119번길 21,37.40029973,126.673095,
한양2차아파트경로당,노인여가복지시설,인천광역시 연수구 원인재로 59,37.40534509,126.6706455,
현대1차아파트경로당,노인여가복지시설,인천광역시 연수구 원인재로 56,37.40350251,126.6758736,
대우삼환아파트경로당,노인여가복지시설,인천광역시 연수구 원인재로 88,37.40648499,126.6782948,
동아금호아파트경로당,노인여가복지시설,인천광역시 연수구 청능대로 124,37.41069005,126.6772382,
럭키삼성아파트경로당,노인여가복지시설,인천광역시 연수구 원인재로 81,37.40699381,126.6754507,
한양1차아파트경로당,노인여가복지시설,인천광역시 연수구 원인재로 124,37.40812103,126.6811803,
현대대림아파트경로당,노인여가복지시설,인천광역시 연수구 먼우금로 126,37.40927622,126.674089,
금호어울림아파트경로당,노인여가복지시설,인천광역시 연수구 해돋이로84번길 30,37.39047858,126.6563402,
더샵퍼스트월드경로당,노인여가복지시설,인천광역시 연수구 해돋이로 107,37.39278537,126.6476486,
성지리벨루스경로당,노인여가복지시설,인천광역시 연수구 신송로6번길 7,37.38938361,126.6622883,
아이파크송도아파트경로당,노인여가복지시설,인천광역시 연수구 해돋이로6번길 7,37.38861474,126.6580447,
웰카운티1단지경로당,노인여가복지시설,"인천광역시 연수구 해송로 143, 125동",37.3778115,126.6493512,
웰카운티2단지경로당,노인여가복지시설,인천광역시 연수구 해송로 70,37.37894798,126.6486646,
웰카운티3단지경로당,노인여가복지시설,인천광역시 연수구 해송로30번길 19,37.38213287,126.6474558,
웰카운티4단지경로당,노인여가복지시설,인천광역시 연수구 해송로30번길 20,37.38167041,126.6456236,
풍림아이원아파트1단지경로당,노인여가복지시설,인천광역시 연수구 신송로118번길 6,37.39571857,126.6536041,
풍림아이원아파트2단지경로당,노인여가복지시설,인천광역시 연수구 해돋이로120번길 16,37.39426011,126.6521281,
풍림아이원아파트3단지경로당,노인여가복지시설,인천광역시 연수구 해돋이로84번길 29,37.39242492,126.6531773,
풍림아이원아파트4단지경로당,노인여가복지시설,인천광역시 연수구 신송로82번길 6,37.39305657,126.6564297,
풍림아이원아파트6단지경로당,노인여가복지시설,인천광역시 연수구 해돋이로84번길 10,37.39070608,126.6533661,
해모로경로당(송도),노인여가복지시설,인천광역시 연수구 해돋이로6번길 33,37.38902819,126.6587488,
더샵그린애비뉴7단지경로당,노인여가복지시설,"인천광역시 연수구 컨벤시아대로42번길35, 703동",37.39972207,126.6475354,
더샵그린애비뉴8단지경로당,노인여가복지시설,"인천광역시 연수구 컨벤시아대로42번길61, 803동",37.40038557,126.6464618,
더샵그린워크1차아파트경로당,노인여가복지시설,인천광역시 연수구 아트센터대로97번길 30,37.39821949,126.6414298,
더샵센트럴파크1경로당,노인여가복지시설,"인천광역시 연수구 센트럴로 232, 102동",37.39625053,126.6378852,
더샵센트럴파크2경로당,노인여가복지시설,"인천광역시 연수구 센트럴로 194, 201동 2층",37.39377291,126.6418262,
더샵엑스포10단지경로당,노인여가복지시설,"인천광역시 연수구 컨벤시아대로42번길 95, 1003동 옆",37.40323241,126.6440613,
더샵엑스포9단지경로당,노인여가복지시설,"인천광역시 연수구 컨벤시아대로42번길 77(903동, 904동 사이)",37.40267328,126.6448056,
더샵하버뷰13단지경로당,노인여가복지시설,인천광역시 연수구 아트센터대로97번길 75,37.3985848,126.6473638,
센트럴파크푸르지오경로당,노인여가복지시설,"인천광역시 연수구 센트럴로 160, 101동 2층",37.39307859,126.6433519,
송도더샵그린워크3차17블럭아파트경로당,노인여가복지시설,인천광역시 연수구 아트센터대로 97번길 20,37.39828818,126.6372159,
송도더샵그린워크3차18블럭아파트경로당,노인여가복지시설,"인천광역시 연수구 컨벤시아대로 130번길100, 1805동",37.3986532,126.6376159,
송도더샵하버뷰2 15단지경로당,노인여가복지시설,"인천광역시 연수구 아트센터대로 97번길 56, 1503동 옆",37.39858254,126.6432302,
자이하버뷰1단지경로당,노인여가복지시설,인천광역시 연수구 컨벤시아대로130번길 58(105동 옆 복지동),37.39597384,126.6404651,
자이하버뷰2단지경로당,노인여가복지시설,"인천광역시 연수구 컨벤시아대로130번길 32, 206동 복지동",37.39567364,126.6425711,
코오롱더프라우경로당,노인여가복지시설,"인천광역시 연수구 컨벤시아대로42번길 20, 102동 지하1층",37.40036263,126.6507653,
"푸르지오월드마크1,2단지경로당",노인여가복지시설,"인천광역시 연수구 컨벤시아대로 60, 202동 3층",37.39765839,126.6506669,
"푸르지오월드마크7,8단지경로당",노인여가복지시설,"인천광역시 연수구 컨벤시아대로 126, 802동 3층",37.3929257,126.6457375,
푸르지오하버뷰아파트경로당,노인여가복지시설,"인천광역시 연수구 컨벤시아대로 130번길 80(102동, 103동 사이)",37.39755539,126.6408771,
더샵그린워크2차아파트경로당,노인여가복지시설,인천광역시 연수구 아트센터대로 97번길 15,37.40132826,126.6406622,
송도롯데캐슬아파트경로당,노인여가복지시설,"인천광역시 연수구 송도과학로27번길 70, 101동 옆",37.38612157,126.6678567,
송도해모로월드뷰아파트경로당,노인여가복지시설,"인천광역시 연수구 송도과학로27번길 30, 남문출입구 304동 옆",37.38361135,126.6641861,
더샵 센트럴시티 아파트 시니어회,노인여가복지시설,"인천광역시 연수구 송도국제대로 261, 213동 옆",37.3731551,126.6503152,
더퍼스트시니어센터(베르디움더퍼스트아파트),노인여가복지시설,"인천광역시 연수구 송도문화로84번길 84, 113동 앞 정문앞",37.3707171,126.6561957,
송도그린스퀘어아파트경로당,노인여가복지시설,인천광역시 연수구 송도문화로 28번길 81,37.37378319,126.654041,
송도글로벌캠퍼스푸르지오아파트경로당,노인여가복지시설,"인천광역시 연수구 송도문화로 28번길 28, 105동",37.37701831,126.6540736,
송도롯데캐슬캠퍼스타운아파트경로당,노인여가복지시설,인천광역시 연수구 송도과학로27번길 55,37.38923543,126.6651254,
송도아메리칸타운아이파크시니어경로당,노인여가복지시설,"인천광역시 연수구 송도과학로27번길 15, 102동",37.38487599,126.6620747,
송도캐슬앤해모로아파트경로당,노인여가복지시설,인천광역시 연수구 송도과학로51번길 136,37.38502333,126.6767855,
송도호반베르디움2차아파트경로당(글로벌파크),노인여가복지시설,"인천광역시 연수구 송도문화로28번길 27, 203동",37.37603153,126.6560445,
에듀포레푸르지오아파트경로당 ,노인여가복지시설,"인천광역시 연수구 송도문화로84번길 24, 204동 뒤",37.37452325,126.6581149,
더샵마스터뷰2단지아파트경로당,노인여가복지시설,"인천광역시 연수구 컨벤시아대로 274번길 35, 2206동",37.38345577,126.6316351,
마스터뷰1단지경로당,노인여가복지시설,인천광역시 연수구 컨벤시아대로 274번길 55,37.38319335,126.62998,
더샵퍼스트파크13단지경로당,노인여가복지시설,"인천광역시 연수구 컨벤시아대로252번길70, 1305동",37.38858435,126.6317791,
더샵퍼스트파크14단지경로당,노인여가복지시설,인천광역시 연수구 컨벤시아대로252번길 50,37.38801222,126.6337318,
더샵퍼스트파크15단지경로당,노인여가복지시설,인천광역시 연수구 컨벤시아대로252번길 30,37.38685099,126.6353902,
아트윈푸르지오아파트경로당,노인여가복지시설,인천광역시 연수구 인천타워대로 253-25,37.39285385,126.6316564,
힐스테이트레이크송도경로당,노인여가복지시설,인천광역시 연수구 아카데미로312번길 177,37.40176139,126.6204713,
힐스테이트레이크송도2차아파트경로당,노인여가복지시설,인천광역시 연수구 아카데미로 446,37.39806359,126.6201663,
송도파크애비뉴시니어클럽,노인여가복지시설,인천광역시 연수구 컨벤시아대로252번길 10,37.38584093,126.6368764,
e편한세상송도아파트경로당,노인여가복지시설,인천광역시 연수구 랜드마크로 113,37.41340107,126.6180101,
더샵송도마리나베이아파트경로당,노인여가복지시설,인천광역시 연수구 랜드마크로 160,37.41594701,126.6107449,
송도오션파크베르디움경로당,노인여가복지시설,인천광역시 연수구 랜드마크로 110,37.41618464,126.6148751,
랜드마크시티센트럴더샵아파트경로당,노인여가복지시설,인천광역시 연수구 랜드마크로 68,37.41498268,126.6184216,
sk뷰아파트경로당,노인여가복지시설,인천광역시 연수구 랜드마크로 19,37.41421284,126.6250441,
호반써밋송도아파트경로당,노인여가복지시설,인천광역시 연수구 랜드마크로 20,37.389857,126.644333,
